frame_id,timestamp,action,confidence,depth_left_mean,depth_center_mean,depth_right_mean,depth_overall_max,closest_col,closest_row
0,1777141822.070194,unknown,0.22745831310749054,0.4538019001483917,0.4552319645881653,0.46160662174224854,1.0,1911,1068
1,1777141822.867701,unknown,0.22745752334594727,0.44508644938468933,0.4519045948982239,0.459672749042511,1.0,1911,1068
2,1777141823.203289,unknown,0.2274632453918457,0.4563220739364624,0.4577508270740509,0.46182626485824585,1.0,1911,1068
3,1777141823.4799144,unknown,0.22746595740318298,0.4524768590927124,0.4539077579975128,0.4606202244758606,1.0,1911,1068
4,1777141823.7783704,unknown,0.22747257351875305,0.4500292241573334,0.4553288519382477,0.46091628074645996,1.0,1911,1068
5,1777141824.0784729,unknown,0.22747792303562164,0.44828152656555176,0.4515654742717743,0.4593135118484497,1.0,1911,1068
6,1777141824.361683,unknown,0.2274557203054428,0.46255525946617126,0.46004271507263184,0.4623379707336426,1.0,1911,1068
7,1777141824.856002,unknown,0.2274789959192276,0.44790762662887573,0.4453592598438263,0.4549124240875244,1.0,1911,1068
8,1777141825.9052005,unknown,0.2274598479270935,0.4471111297607422,0.4488692581653595,0.4576803147792816,1.0,1911,1068
9,1777141826.2112777,unknown,0.2274506837129593,0.45955583453178406,0.4575099050998688,0.4615800976753235,1.0,1911,1068
10,1777141826.512262,unknown,0.2274651676416397,0.44159936904907227,0.4446830153465271,0.45605242252349854,1.0,1911,1068
11,1777141826.796228,unknown,0.2274795025587082,0.445148766040802,0.4481915235519409,0.45886287093162537,1.0,1911,1068
12,1777141827.0734527,unknown,0.2274649292230606,0.4436321556568146,0.4496965706348419,0.4586958587169647,1.0,1911,1068
13,1777141827.3853023,unknown,0.2274748980998993,0.4556785225868225,0.4561055600643158,0.460986465215683,1.0,1911,1068
14,1777141827.7841866,unknown,0.2274637371301651,0.46765753626823425,0.45418334007263184,0.45673874020576477,1.0,1911,1068
15,1777141828.677226,unknown,0.22745011746883392,0.44877544045448303,0.453435480594635,0.4605654180049896,1.0,1911,1068
16,1777141829.2699087,unknown,0.22747641801834106,0.45198360085487366,0.4536835849285126,0.4600568115711212,1.0,1911,1068
17,1777141829.631351,unknown,0.2274554967880249,0.4588310718536377,0.4556998014450073,0.46000897884368896,1.0,1911,1068
18,1777141830.3630764,unknown,0.22745628654956818,0.45809146761894226,0.45718416571617126,0.46099141240119934,1.0,1911,1068
19,1777141831.0002577,unknown,0.2274635136127472,0.450346440076828,0.45086154341697693,0.4591754972934723,1.0,1911,1068
20,1777141831.3143675,unknown,0.2274724245071411,0.45279815793037415,0.45310789346694946,0.4597955048084259,1.0,1911,1068
21,1777141831.648322,unknown,0.22746343910694122,0.4348670244216919,0.4363347589969635,0.4523571729660034,1.0,1911,1068
22,1777141832.5075445,unknown,0.2274595946073532,0.4394034743309021,0.4433130621910095,0.45445409417152405,1.0,1911,1068
23,1777141832.992526,unknown,0.22744721174240112,0.44989222288131714,0.4536561965942383,0.45990344882011414,1.0,1911,1068
24,1777141833.2715952,unknown,0.22746458649635315,0.4590035080909729,0.4578034281730652,0.4614323675632477,1.0,1911,1068
25,1777141833.6009736,unknown,0.2274600714445114,0.45845460891723633,0.45736390352249146,0.4620808959007263,1.0,1911,1068
26,1777141833.9097888,unknown,0.22746571898460388,0.45665422081947327,0.45687779784202576,0.4602797031402588,1.0,1911,1068
27,1777141834.1711564,unknown,0.22745360434055328,0.4451586902141571,0.44923537969589233,0.4584083557128906,1.0,1911,1068
28,1777141834.504656,unknown,0.22745323181152344,0.45925775170326233,0.45208144187927246,0.4574599862098694,1.0,1911,1068
29,1777141834.8062859,unknown,0.22744883596897125,0.44705286622047424,0.445919394493103,0.45681166648864746,1.0,1911,1068
30,1777141835.0960312,unknown,0.22747045755386353,0.45700401067733765,0.4512074887752533,0.45970091223716736,1.0,1911,1068
31,1777141835.3784218,unknown,0.22745399177074432,0.4537217915058136,0.4542977809906006,0.4597212076187134,1.0,1911,1068
32,1777141835.6747417,unknown,0.22746793925762177,0.4825460612773895,0.47009631991386414,0.4646880328655243,1.0,1911,1068
33,1777141836.5088634,unknown,0.2274525910615921,0.44194066524505615,0.44985395669937134,0.45904579758644104,1.0,1911,1068
34,1777141837.001132,unknown,0.227467343211174,0.44969236850738525,0.4538165330886841,0.4602554142475128,1.0,1911,1068
35,1777141837.3025634,unknown,0.22745372354984283,0.46317797899246216,0.4493559002876282,0.457217812538147,1.0,1911,1068
36,1777141837.5992882,unknown,0.22746282815933228,0.4499606490135193,0.452655166387558,0.4594287574291229,1.0,1911,1068
37,1777141837.8889534,unknown,0.22746127843856812,0.4554370641708374,0.4534607529640198,0.4593893885612488,1.0,1911,1068
38,1777141838.2155354,unknown,0.22747035324573517,0.4498971104621887,0.44303733110427856,0.45508602261543274,1.0,1911,1068
39,1777141838.5338762,unknown,0.22747407853603363,0.47127601504325867,0.46431148052215576,0.460873007774353,1.0,1911,1068
40,1777141838.9767444,unknown,0.2274571806192398,0.4522389769554138,0.4562954306602478,0.4619207978248596,1.0,1911,1068
41,1777141839.6426094,unknown,0.2274717539548874,0.4567975401878357,0.4552213251590729,0.45963793992996216,1.0,1911,1068
42,1777141840.1377237,unknown,0.22746120393276215,0.45258620381355286,0.4479256570339203,0.4577482342720032,1.0,1911,1068
43,1777141840.4466887,unknown,0.22746482491493225,0.44910213351249695,0.44799280166625977,0.457821249961853,1.0,1911,1068
44,1777141840.7425485,unknown,0.22746241092681885,0.4474993646144867,0.4519612193107605,0.4604697525501251,1.0,1911,1068
45,1777141841.3902857,unknown,0.22745700180530548,0.4461718201637268,0.4500955045223236,0.45925137400627136,1.0,1911,1068
46,1777141842.0318558,unknown,0.22746869921684265,0.4475860297679901,0.4450894892215729,0.45351845026016235,1.0,1911,1068
47,1777141842.3274329,unknown,0.22744837403297424,0.46229439973831177,0.4581185579299927,0.46119216084480286,1.0,1911,1068
48,1777141842.6433115,unknown,0.22745579481124878,0.44681960344314575,0.4519415497779846,0.4597800374031067,1.0,1911,1068
49,1777141842.8873258,unknown,0.22745440900325775,0.44831037521362305,0.44518715143203735,0.45465487241744995,1.0,1911,1068
50,1777141843.1779149,unknown,0.22745048999786377,0.45330318808555603,0.4519396424293518,0.4585837125778198,1.0,1911,1068
51,1777141843.4557092,unknown,0.22745254635810852,0.44123685359954834,0.44260361790657043,0.45379799604415894,1.0,1911,1068
52,1777141843.740226,unknown,0.22746315598487854,0.44341030716896057,0.4464358687400818,0.45640838146209717,1.0,1911,1068
53,1777141844.1992557,unknown,0.22746185958385468,0.4586218297481537,0.4554743766784668,0.46010664105415344,1.0,1911,1068
54,1777141845.323685,caution_slow_down,0.2112574577331543,0.6240548491477966,0.6680389046669006,0.5943915247917175,1.0,8,1066
55,1777141846.1481423,caution_slow_down,0.2085186392068863,0.6209678649902344,0.6805724501609802,0.610344409942627,1.0,8,1066
56,1777141846.3963716,caution_slow_down,0.21030841767787933,0.6055362820625305,0.6387753486633301,0.5669921040534973,1.0,8,1066
57,1777141846.6883895,caution_slow_down,0.21046195924282074,0.6131801605224609,0.6568930149078369,0.6074382662773132,1.0,8,1066
58,1777141846.9803772,caution_slow_down,0.20859412848949432,0.5808302760124207,0.6095216870307922,0.5652854442596436,1.0,8,1066
59,1777141847.2462058,caution_slow_down,0.20850737392902374,0.6048778891563416,0.6412627100944519,0.6017162799835205,1.0,8,1066
60,1777141847.557634,caution_slow_down,0.20947396755218506,0.6244282722473145,0.6860435605049133,0.6297568082809448,1.0,8,1066
61,1777141847.8669384,caution_slow_down,0.20956788957118988,0.6523120403289795,0.7191298007965088,0.6581920385360718,1.0,9,1066
62,1777141848.8873844,caution_slow_down,0.20135840773582458,0.6396487951278687,0.7185775637626648,0.6520419120788574,1.0,9,1066
63,1777141849.571949,caution_slow_down,0.204324409365654,0.6366825699806213,0.7172333002090454,0.6552231311798096,1.0,8,1066
64,1777141849.880121,caution_slow_down,0.20417626202106476,0.5742676854133606,0.674287736415863,0.6263900995254517,1.0,1918,1040
65,1777141850.863456,caution_slow_down,0.20460446178913116,0.5541502833366394,0.653542697429657,0.6242138743400574,1.0,1918,1040
66,1777141851.852114,caution_slow_down,0.20376119017601013,0.5920624732971191,0.6883448958396912,0.62907475233078,1.0,8,1066
67,1777141852.7086663,caution_slow_down,0.20394660532474518,0.5733513832092285,0.6557639241218567,0.6241329312324524,1.0,1918,1040
68,1777141854.4868426,caution_slow_down,0.20460176467895508,0.5921013355255127,0.6889968514442444,0.6318508386611938,1.0,1918,1040
69,1777141855.5883553,caution_slow_down,0.204342782497406,0.5965611934661865,0.675972580909729,0.6204044222831726,1.0,8,1066
70,1777141856.2941349,caution_slow_down,0.20316411554813385,0.5816597938537598,0.6769624352455139,0.6323077082633972,1.0,1918,1040
71,1777141856.585986,move_forward,0.2208913266658783,0.3486180007457733,0.4104483425617218,0.5059699416160583,1.0,1910,1070
72,1777141856.8820963,move_forward,0.2224096804857254,0.3820379376411438,0.42147016525268555,0.5196034908294678,1.0,1910,1070
73,1777141857.1408784,move_forward,0.22305993735790253,0.365178644657135,0.43067270517349243,0.5241059064865112,1.0,1910,1070
74,1777141857.8491614,move_forward,0.2216489613056183,0.3553439676761627,0.41041573882102966,0.5052019357681274,1.0,1909,1078
75,1777141858.450901,move_forward,0.22221849858760834,0.3269462585449219,0.41536006331443787,0.5335433483123779,1.0,1909,1078
76,1777141858.734823,move_forward,0.2254161536693573,0.3120439946651459,0.39035916328430176,0.4978950023651123,1.0,1909,1078
77,1777141859.0204582,move_forward,0.22175118327140808,0.25186797976493835,0.3404933214187622,0.4741552174091339,1.0,1909,1078
78,1777141859.3054354,move_forward,0.22069339454174042,0.2407020628452301,0.3418823480606079,0.48351821303367615,1.0,1909,1078
79,1777141859.619797,move_forward,0.22019733488559723,0.2728905975818634,0.33928683400154114,0.48181766271591187,1.0,1909,1078
80,1777141859.8679638,move_forward,0.22167974710464478,0.25868919491767883,0.3381342589855194,0.4803035259246826,1.0,1909,1078
81,1777141860.1780577,move_forward,0.21935653686523438,0.2666894197463989,0.33535149693489075,0.4602070450782776,1.0,1909,1078
82,1777141861.2008836,move_forward,0.21966244280338287,0.2680372893810272,0.34601324796676636,0.4733353555202484,1.0,1910,1070
83,1777141862.3679645,move_forward,0.2550642490386963,0.2762327790260315,0.22657038271427155,0.7113239765167236,1.0,538,1067
84,1777141863.7456226,move_forward,0.2550335228443146,0.2264571636915207,0.2415810525417328,0.7881909012794495,1.0,1522,1078
85,1777141864.785683,move_forward,0.2541426122188568,0.20440511405467987,0.23925571143627167,0.7900497913360596,1.0,1689,1
86,1777141865.0808375,move_forward,0.2566685676574707,0.30510979890823364,0.2593593895435333,0.7786186337471008,1.0,1911,1068
87,1777141865.3329186,move_forward,0.25727391242980957,0.25942760705947876,0.23645326495170593,0.7975112795829773,1.0,1700,1
88,1777141865.628272,move_forward,0.21113905310630798,0.31041190028190613,0.1407143771648407,0.45356351137161255,1.0,1918,456
89,1777141865.9151652,move_forward,0.21147115528583527,0.324614554643631,0.1713818460702896,0.48671066761016846,1.0,1918,440
90,1777141866.2211301,move_forward,0.21043628454208374,0.39170247316360474,0.17567285895347595,0.47052380442619324,1.0,1918,470
91,1777141866.6026819,move_forward,0.2112823873758316,0.26912161707878113,0.13574156165122986,0.46333301067352295,1.0,1918,453
92,1777141867.6075363,move_forward,0.21134500205516815,0.30662161111831665,0.1686745434999466,0.4541008174419403,1.0,1918,693
93,1777141868.0678704,move_forward,0.20553356409072876,0.2279583364725113,0.11105682700872421,0.4010268449783325,1.0,1911,1067
94,1777141868.3945656,move_forward,0.20784054696559906,0.2879176735877991,0.15544648468494415,0.4176635146141052,1.0,1911,1067
95,1777141868.7326627,move_forward,0.2085046023130417,0.23530054092407227,0.13461624085903168,0.4149528741836548,1.0,1910,1068
96,1777141869.0488603,move_forward,0.2079916000366211,0.2477940171957016,0.13774484395980835,0.40796685218811035,1.0,1911,1067
97,1777141869.3365521,move_forward,0.20642748475074768,0.2526122033596039,0.11329986900091171,0.4096636176109314,1.0,1911,1067
98,1777141869.6445646,move_forward,0.20730061829090118,0.23391841351985931,0.11251498758792877,0.40463003516197205,1.0,1911,1067
99,1777141869.9157298,move_forward,0.2053796350955963,0.23564961552619934,0.10931317508220673,0.38541850447654724,1.0,1918,1064
100,1777141870.2092392,move_forward,0.20407994091510773,0.23325617611408234,0.11437594890594482,0.37817803025245667,1.0,1910,1068
101,1777141870.5996125,caution_slow_down,0.2060972899198532,0.18781344592571259,0.08306679874658585,0.33312562108039856,1.0,1911,1067
102,1777141871.3570554,caution_slow_down,0.2138223648071289,0.2013355940580368,0.09312731772661209,0.35069739818573,1.0,1911,1067
103,1777141871.8879848,caution_slow_down,0.21583960950374603,0.2045150101184845,0.0848313570022583,0.35914963483810425,1.0,1918,1063
104,1777141872.1580076,caution_slow_down,0.21486733853816986,0.25159281492233276,0.10482826828956604,0.38178378343582153,1.0,1911,1067
105,1777141872.4099307,caution_slow_down,0.21462078392505646,0.24559101462364197,0.11648654192686081,0.36706992983818054,1.0,1911,1067
106,1777141873.0652857,caution_slow_down,0.21449193358421326,0.20984481275081635,0.1062602698802948,0.36973845958709717,1.0,1918,1063
107,1777141874.4549174,caution_slow_down,0.20871466398239136,0.20716527104377747,0.10289327800273895,0.37196022272109985,1.0,1918,1044
108,1777141875.0776393,move_forward,0.2072485238313675,0.15973001718521118,0.10095076262950897,0.6616262197494507,1.0,1918,981
109,1777141875.6867187,move_forward,0.20570151507854462,0.14955037832260132,0.10649775713682175,0.6521557569503784,1.0,1918,988
110,1777141876.7636588,move_forward,0.2054893970489502,0.14985309541225433,0.08799032121896744,0.652692437171936,1.0,1918,982
111,1777141877.085206,move_forward,0.20489290356636047,0.1351216584444046,0.08353742957115173,0.6316935420036316,1.0,1918,989
112,1777141877.4021075,move_forward,0.20677047967910767,0.11741527915000916,0.08973542600870132,0.6442975997924805,1.0,1918,989
113,1777141877.7007985,move_forward,0.20778121054172516,0.14944791793823242,0.08856996148824692,0.6226280331611633,1.0,1918,1044
114,1777141878.0052223,move_forward,0.20746614038944244,0.15463711321353912,0.09810062497854233,0.6694560647010803,1.0,1918,989
115,1777141878.3142061,move_forward,0.217688649892807,0.15264014899730682,0.25244835019111633,0.8380371928215027,1.0,1613,1078
116,1777141878.6655588,move_forward,0.21452026069164276,0.1941859871149063,0.2936171293258667,0.8296226263046265,1.0,1605,1078
117,1777141878.966402,move_forward,0.2147071361541748,0.165377676486969,0.26016587018966675,0.824396014213562,1.0,1547,1
118,1777141879.2753756,move_forward,0.21458257734775543,0.2063484638929367,0.2841314375400543,0.8263520002365112,1.0,1534,1
119,1777141879.5382912,move_forward,0.2141706347465515,0.15174251794815063,0.29279792308807373,0.8388382196426392,1.0,1532,1
120,1777141880.0634692,unknown,0.2007049322128296,0.19920042157173157,0.4470563530921936,0.5738002061843872,1.0,1332,1
121,1777141880.8519475,unknown,0.20020544528961182,0.1755383163690567,0.4239261746406555,0.5735306739807129,1.0,1381,1
122,1777141881.122326,move_left,0.19966009259223938,0.16315650939941406,0.42071986198425293,0.5798676609992981,1.0,1380,1
123,1777141881.4383533,move_forward,0.20284013450145721,0.20831327140331268,0.45446449518203735,0.5806558132171631,1.0,1377,1
124,1777141881.8235586,move_forward,0.2038535475730896,0.18156298995018005,0.42748594284057617,0.5792073011398315,1.0,1374,1
125,1777141883.0773375,move_forward,0.20412161946296692,0.18454651534557343,0.4402535855770111,0.5830302238464355,1.0,1387,1
126,1777141883.883219,move_forward,0.23095449805259705,0.2660471796989441,0.6230563521385193,0.46692612767219543,1.0,1224,1
127,1777141884.220692,move_forward,0.230373814702034,0.25475212931632996,0.6086393594741821,0.48753586411476135,1.0,1295,1
128,1777141884.483944,move_forward,0.2300170361995697,0.26915910840034485,0.6120988726615906,0.47845542430877686,1.0,1291,1
129,1777141884.754354,move_forward,0.22873781621456146,0.2714810371398926,0.6080185174942017,0.4833819270133972,1.0,1236,1
130,1777141885.4293294,move_forward,0.23053036630153656,0.2435554563999176,0.5848380327224731,0.46717503666877747,1.0,1293,1
131,1777141886.0869827,move_forward,0.23079055547714233,0.2545432448387146,0.6103528141975403,0.4794132113456726,1.0,1228,1
132,1777141886.4498842,move_forward,0.2305195927619934,0.24361668527126312,0.588204562664032,0.47247639298439026,1.0,1295,1
133,1777141886.982289,move_forward,0.2194170355796814,0.22205494344234467,0.674452543258667,0.3212440311908722,1.0,1192,1
134,1777141887.7152586,move_forward,0.21542459726333618,0.2806565463542938,0.685004472732544,0.3192014992237091,1.0,1171,1
135,1777141888.3573508,move_forward,0.21472427248954773,0.2910807132720947,0.6797221302986145,0.31198829412460327,1.0,1147,1
136,1777141888.6630073,move_forward,0.21334786713123322,0.27449795603752136,0.6680914163589478,0.3075600564479828,1.0,1179,1
137,1777141888.9520915,move_forward,0.21421410143375397,0.34261855483055115,0.6938878893852234,0.3203558921813965,1.0,1141,1
138,1777141889.2435136,move_forward,0.2154684066772461,0.2181582897901535,0.6429628133773804,0.3199141025543213,1.0,1195,1
139,1777141889.488226,move_forward,0.21479202806949615,0.2758433520793915,0.6645674109458923,0.3292420506477356,1.0,1155,1
140,1777141889.79697,move_forward,0.21490682661533356,0.271699458360672,0.6815587878227234,0.3429844081401825,1.0,1152,1
141,1777141890.9899504,move_forward,0.21230605244636536,0.24526585638523102,0.6569004654884338,0.32894521951675415,1.0,1161,1
142,1777141892.0289447,move_forward,0.2095036655664444,0.2764643728733063,0.6803291440010071,0.3460259437561035,1.0,1145,1
143,1777141892.358911,move_forward,0.2105553299188614,0.2542043924331665,0.6813958883285522,0.33186599612236023,1.0,1134,1
144,1777141892.7069755,move_forward,0.22315409779548645,0.190456822514534,0.70418781042099,0.28929978609085083,1.0,1079,1
145,1777141893.292819,move_forward,0.22514468431472778,0.22604677081108093,0.7024736404418945,0.2722225785255432,1.0,1079,1
146,1777141894.1451218,move_forward,0.22511877119541168,0.25822123885154724,0.7076157927513123,0.2804143726825714,1.0,1078,1
147,1777141894.4628496,move_forward,0.22708170115947723,0.22480115294456482,0.706205427646637,0.27609676122665405,1.0,1081,1
148,1777141894.7522838,move_forward,0.2261715829372406,0.26354676485061646,0.7121008634567261,0.28673094511032104,1.0,1080,1
149,1777141895.3570576,move_forward,0.225972980260849,0.15433092415332794,0.6752532124519348,0.26477888226509094,1.0,1132,1
150,1777141896.3286293,move_forward,0.22422491014003754,0.18243508040905,0.7111288905143738,0.26945656538009644,1.0,1086,1
151,1777141897.0452662,move_forward,0.22487378120422363,0.17508617043495178,0.6942948698997498,0.26893100142478943,1.0,1138,1
152,1777141897.3605406,move_forward,0.22436505556106567,0.1555083990097046,0.7057573199272156,0.26186230778694153,1.0,1073,1
153,1777141897.6182745,move_forward,0.2231440246105194,0.1868564337491989,0.7055813670158386,0.2585201859474182,1.0,1071,1
154,1777141897.902935,move_forward,0.22498925030231476,0.18028506636619568,0.6967843174934387,0.2539016306400299,1.0,1062,1
155,1777141898.8030214,move_forward,0.23149077594280243,0.3015340566635132,0.7091158628463745,0.2416432797908783,1.0,1093,1
156,1777141899.691572,move_forward,0.23164093494415283,0.23876768350601196,0.7054969668388367,0.2594659924507141,1.0,1087,1
157,1777141900.141865,move_forward,0.23207639157772064,0.22027185559272766,0.7063678503036499,0.2531127333641052,1.0,1140,1
158,1777141900.4680758,move_forward,0.2327006757259369,0.25254741311073303,0.704199492931366,0.2407771795988083,1.0,1087,1
159,1777141900.7729392,move_forward,0.23149026930332184,0.23464179039001465,0.703669011592865,0.24636338651180267,1.0,1081,1
160,1777141901.0757027,move_forward,0.23304958641529083,0.21039283275604248,0.6991233229637146,0.24579036235809326,1.0,1134,1
161,1777141901.3751833,move_forward,0.2320704609155655,0.2467854917049408,0.7136969566345215,0.24985112249851227,1.0,1086,1
162,1777141901.684303,move_forward,0.2278720736503601,0.2522561252117157,0.6866247057914734,0.33801037073135376,1.0,1133,1
163,1777141901.9462156,move_forward,0.22746287286281586,0.25239813327789307,0.6828356981277466,0.3361101448535919,1.0,1129,1
164,1777141902.5829453,move_forward,0.2252403348684311,0.32214462757110596,0.6949266195297241,0.324836403131485,1.0,1130,1
165,1777141903.563161,move_forward,0.22355769574642181,0.29534462094306946,0.6898886561393738,0.3390260636806488,1.0,1141,1
166,1777141904.249776,move_forward,0.22101585566997528,0.30776506662368774,0.704581618309021,0.34234580397605896,1.0,1133,1
167,1777141904.5338213,move_forward,0.22031106054782867,0.2619837522506714,0.6863976716995239,0.32004988193511963,1.0,1132,1
168,1777141904.7992334,move_forward,0.21659758687019348,0.3157956004142761,0.7020124197006226,0.32007336616516113,1.0,1186,1
169,1777141905.0985513,move_forward,0.2168029248714447,0.3590189516544342,0.7213326096534729,0.3198428153991699,1.0,1184,1
170,1777141906.2396846,move_forward,0.216032013297081,0.3819953203201294,0.7261240482330322,0.32927456498146057,1.0,1185,1
171,1777141906.9293647,move_forward,0.21518529951572418,0.36341890692710876,0.725562334060669,0.3235206604003906,1.0,1184,1
172,1777141907.336462,move_forward,0.2149643748998642,0.37337175011634827,0.7229862809181213,0.3365171253681183,1.0,1179,1
173,1777141907.5932403,move_forward,0.2170526683330536,0.28105995059013367,0.6870043873786926,0.3491275906562805,1.0,1186,1
174,1777141907.8496678,move_forward,0.21631503105163574,0.3219749331474304,0.7032322287559509,0.3398061990737915,1.0,1176,1
175,1777141908.2928169,move_forward,0.21584287285804749,0.3330686092376709,0.7009862065315247,0.33748069405555725,1.0,1177,1
176,1777141909.3242443,move_left,0.2043035328388214,0.3139546513557434,0.7513049840927124,0.20456019043922424,1.0,1140,1078
177,1777141909.5983179,move_left,0.20521415770053864,0.32629281282424927,0.7405037879943848,0.18829917907714844,1.0,1140,1078
178,1777141909.8990462,move_left,0.20259681344032288,0.3134591579437256,0.7327417135238647,0.18878526985645294,1.0,1133,1078
179,1777141910.188598,move_left,0.20159529149532318,0.35674136877059937,0.7472431659698486,0.20530779659748077,1.0,1140,1078
180,1777141910.4732015,move_left,0.2032042294740677,0.3683677911758423,0.7671889066696167,0.2134254425764084,1.0,1143,1078
181,1777141910.7762616,move_left,0.20402635633945465,0.33059194684028625,0.7696819305419922,0.19468480348587036,1.0,1142,1078
182,1777141911.093396,move_forward,0.21438007056713104,0.3201603591442108,0.6224226355552673,0.2199796587228775,1.0,1237,1078
183,1777141912.01504,move_forward,0.21097849309444427,0.30266863107681274,0.6466610431671143,0.23061981797218323,1.0,1234,1078
184,1777141912.6970537,move_forward,0.224875807762146,0.30849212408065796,0.7077240347862244,0.24694284796714783,1.0,1207,1078
185,1777141913.4353707,move_forward,0.2314055860042572,0.3845975697040558,0.7114952206611633,0.22011177241802216,1.0,1191,1078
186,1777141913.747286,move_forward,0.22852873802185059,0.2639731466770172,0.7022493481636047,0.22355647385120392,1.0,1215,1078
187,1777141914.094901,move_forward,0.23559032380580902,0.16236284375190735,0.6760738492012024,0.19974450767040253,1.0,1190,1078
188,1777141914.9065616,move_forward,0.2249116450548172,0.2940557301044464,0.6492006182670593,0.18511724472045898,1.0,1213,1078
189,1777141915.895165,move_forward,0.20887133479118347,0.3127439022064209,0.6554651856422424,0.20614752173423767,1.0,1238,1078
190,1777141916.4768379,move_forward,0.21519212424755096,0.15801282227039337,0.1543731838464737,0.7751948833465576,1.0,1669,1078
191,1777141916.7430553,move_forward,0.21516714990139008,0.11964520812034607,0.15099576115608215,0.7136738300323486,1.0,1910,1069
192,1777141917.0224793,move_forward,0.21283510327339172,0.15231415629386902,0.16473820805549622,0.7570183873176575,1.0,1911,1067
193,1777141917.3566062,move_left,0.21020013093948364,0.11666983366012573,0.10887865722179413,0.7484927177429199,1.0,1918,666
194,1777141917.6951437,move_left,0.21486540138721466,0.10535215586423874,0.14527228474617004,0.768764317035675,1.0,1651,1078
195,1777141918.0301893,move_left,0.21390657126903534,0.18157027661800385,0.18071529269218445,0.7736459970474243,1.0,1635,1078
196,1777141918.3905053,move_left,0.21055413782596588,0.19357618689537048,0.19686806201934814,0.7639937400817871,1.0,1595,1078
197,1777141918.716242,move_left,0.2109132558107376,0.17622673511505127,0.19947993755340576,0.7655991315841675,1.0,1596,1078
198,1777141919.0104113,move_left,0.22124190628528595,0.2570035755634308,0.16019584238529205,0.597613513469696,1.0,1918,841
199,1777141919.4169543,move_left,0.22053535282611847,0.26358187198638916,0.1620410531759262,0.5697689652442932,1.0,1918,981
200,1777141920.6326642,move_left,0.22010457515716553,0.20610187947750092,0.1268721967935562,0.5740779042243958,1.0,1918,764
201,1777141921.4016721,move_left,0.21967053413391113,0.2509808838367462,0.13854284584522247,0.5890817046165466,1.0,1918,1063
202,1777141921.6815512,move_left,0.22060222923755646,0.24373304843902588,0.14248523116111755,0.5862515568733215,1.0,1918,819
203,1777141921.9668624,move_left,0.22224678099155426,0.26181331276893616,0.13687299191951752,0.5922987461090088,1.0,1918,733
204,1777141922.2516832,move_left,0.2201460301876068,0.289544939994812,0.1629100739955902,0.5690107345581055,1.0,1918,982
205,1777141923.2124634,move_left,0.22212837636470795,0.2561260163784027,0.16261178255081177,0.5957996845245361,1.0,1918,1065
206,1777141923.9613383,move_left,0.2201654464006424,0.36831727623939514,0.21443776786327362,0.6703410148620605,1.0,1918,99
207,1777141924.8691995,move_left,0.21770551800727844,0.4429640471935272,0.2556201219558716,0.6411037445068359,1.0,1918,877
208,1777141925.588243,move_left,0.21812094748020172,0.3493359088897705,0.20142416656017303,0.6266855597496033,1.0,1918,910
209,1777141925.887598,move_left,0.21890045702457428,0.3630143404006958,0.21141643822193146,0.6561938524246216,1.0,1918,863
210,1777141926.154573,move_left,0.21865373849868774,0.4922926425933838,0.31129229068756104,0.6846782565116882,1.0,1918,875
211,1777141926.435586,move_left,0.2191503942012787,0.3981628715991974,0.2218283861875534,0.644867479801178,1.0,1918,869
212,1777141926.6910841,move_left,0.2207813411951065,0.2917640209197998,0.17463570833206177,0.6204054951667786,1.0,1918,818
213,1777141926.9792385,move_left,0.21700990200042725,0.22519274055957794,0.13266326487064362,0.5597566962242126,1.0,1918,741
214,1777141927.2487419,move_left,0.22458837926387787,0.32486623525619507,0.1940300464630127,0.6604529023170471,1.0,1918,716
215,1777141927.522052,move_left,0.22427672147750854,0.20233015716075897,0.1156226396560669,0.5944847464561462,1.0,1918,879
216,1777141927.7781305,move_left,0.22565992176532745,0.22246061265468597,0.1334744691848755,0.6072835326194763,1.0,1918,724
217,1777141928.072331,move_left,0.22575505077838898,0.26987966895103455,0.15987370908260345,0.6520647406578064,1.0,1911,1067
218,1777141928.5161943,move_left,0.2244309037923813,0.2762027382850647,0.1637052744626999,0.620135486125946,1.0,1918,730
219,1777141929.553045,move_left,0.22704124450683594,0.22131161391735077,0.13816022872924805,0.6203258037567139,1.0,1918,884
220,1777141929.8397434,move_forward,0.2408602386713028,0.23083142936229706,0.1922549605369568,0.6532132625579834,1.0,1918,324
221,1777141930.116168,move_forward,0.23555684089660645,0.11923722177743912,0.12806198000907898,0.6398641467094421,1.0,1918,99
222,1777141930.3783686,move_forward,0.2401551604270935,0.2058095484972,0.19786538183689117,0.6798391342163086,1.0,748,1078
223,1777141931.5174503,move_forward,0.2397375851869583,0.15997815132141113,0.14110255241394043,0.6973301768302917,1.0,1918,98
224,1777141931.8602436,move_forward,0.22532939910888672,0.17448098957538605,0.13048981130123138,0.6719547510147095,1.0,1918,438
225,1777141932.1334553,move_forward,0.22772066295146942,0.11572093516588211,0.11598765105009079,0.6975107789039612,1.0,1918,547
226,1777141932.4189935,move_forward,0.23363657295703888,0.16729485988616943,0.11801265180110931,0.6622762084007263,1.0,1918,581
227,1777141933.5868776,move_forward,0.21842552721500397,0.07820121943950653,0.23043756186962128,0.7542299032211304,1.0,1574,1078
228,1777141933.8657117,move_forward,0.21687962114810944,0.07767730206251144,0.2311193197965622,0.7661624550819397,1.0,1554,1078
229,1777141934.1199238,move_forward,0.21760211884975433,0.07193607836961746,0.21739356219768524,0.727717936038971,1.0,1573,1078
230,1777141934.3902416,move_forward,0.21774595975875854,0.05885598808526993,0.22242465615272522,0.759518563747406,1.0,1569,1078
231,1777141935.401636,move_forward,0.21948054432868958,0.05730223283171654,0.22395941615104675,0.7474257349967957,1.0,1551,1078
232,1777141935.9971373,move_forward,0.2210037112236023,0.058431800454854965,0.240341454744339,0.7768480181694031,1.0,1569,1078
233,1777141936.2745044,move_forward,0.21962255239486694,0.05882835015654564,0.21487419307231903,0.7539569139480591,1.0,1574,1078
234,1777141936.6518261,move_left,0.20904842019081116,0.09550698101520538,0.21977019309997559,0.6985258460044861,1.0,1552,1078
235,1777141936.9403167,move_left,0.2087348997592926,0.14995087683200836,0.2241588681936264,0.6936691999435425,1.0,1552,1078
236,1777141937.233467,move_left,0.20719461143016815,0.19563665986061096,0.29569292068481445,0.667370080947876,1.0,1529,1078
237,1777141937.5338914,move_forward,0.20639587938785553,0.10037637501955032,0.2689149081707001,0.7031670808792114,1.0,1522,1078
238,1777141937.8283346,move_forward,0.21492160856723785,0.07482389360666275,0.27248620986938477,0.6933023929595947,1.0,1514,1078
239,1777141938.117539,move_forward,0.21269284188747406,0.07608361542224884,0.2858702540397644,0.7660582065582275,1.0,1523,1078
240,1777141938.3841155,move_forward,0.23470570147037506,0.14392060041427612,0.3470059037208557,0.7443668842315674,1.0,1508,1078
241,1777141938.9737654,move_forward,0.21569879353046417,0.10131265223026276,0.33764123916625977,0.7092625498771667,1.0,1491,1078
242,1777141939.8672447,move_forward,0.2190566062927246,0.2772296667098999,0.8893020749092102,0.1807927042245865,1.0,977,1
243,1777141940.7433856,move_forward,0.22670477628707886,0.285037100315094,0.8969871997833252,0.19641311466693878,1.0,995,1
244,1777141941.0699735,move_forward,0.2284322828054428,0.22736628353595734,0.8843722343444824,0.1839410364627838,1.0,1013,1
245,1777141941.3240497,move_forward,0.22976799309253693,0.3079058825969696,0.9163623452186584,0.21631905436515808,1.0,1018,1
246,1777141941.722282,move_forward,0.22897309064865112,0.2555652856826782,0.9031160473823547,0.18705129623413086,1.0,1020,1
247,1777141942.9401321,move_forward,0.22681516408920288,0.27749791741371155,0.9053054451942444,0.16777968406677246,1.0,1023,1078
248,1777141943.2184238,move_left,0.2094549685716629,0.273733913898468,0.9084786772727966,0.22235527634620667,1.0,977,1
249,1777141943.4868207,move_left,0.2093978226184845,0.28410807251930237,0.9193863272666931,0.22432969510555267,1.0,979,1
250,1777141943.8100514,move_left,0.2094605565071106,0.26622632145881653,0.9202190637588501,0.2257428914308548,1.0,962,1
251,1777141944.1376033,move_left,0.20790548622608185,0.3279489278793335,0.9213802814483643,0.2178691178560257,1.0,960,1
252,1777141944.4291215,move_left,0.20825189352035522,0.31161853671073914,0.9344703555107117,0.2220512330532074,1.0,968,1
253,1777141944.7201898,move_forward,0.21076203882694244,0.2253585308790207,0.9201021194458008,0.19702407717704773,1.0,1035,1078
254,1777141944.9942987,move_forward,0.20956791937351227,0.26839062571525574,0.9186975359916687,0.20669016242027283,1.0,974,1
255,1777141945.3013158,move_forward,0.2101464420557022,0.27508625388145447,0.9125610589981079,0.19664350152015686,1.0,976,1
256,1777141945.6037786,move_forward,0.20867472887039185,0.2846530079841614,0.9135618805885315,0.1956820785999298,1.0,973,1
257,1777141946.5573916,move_forward,0.20884700119495392,0.3055390417575836,0.9169283509254456,0.20683014392852783,1.0,973,1
258,1777141947.164809,move_forward,0.20869582891464233,0.3434355854988098,0.9038786292076111,0.1881798803806305,1.0,1030,1078
259,1777141947.4670644,move_forward,0.2062494307756424,0.2968734800815582,0.9108797311782837,0.18498016893863678,1.0,1012,1078
260,1777141947.7172687,move_forward,0.20871686935424805,0.310141384601593,0.9050313830375671,0.18548938632011414,1.0,1029,1078
261,1777141948.025064,move_forward,0.20777495205402374,0.3114343285560608,0.9088655114173889,0.17677824199199677,1.0,1013,1078
262,1777141948.3023005,move_forward,0.20867124199867249,0.31374266743659973,0.906417965888977,0.17762979865074158,1.0,1029,1078
263,1777141948.5790157,move_forward,0.20868638157844543,0.3335009813308716,0.9087885618209839,0.18903860449790955,1.0,1017,1078
264,1777141949.1838348,move_forward,0.20594815909862518,0.3555540144443512,0.893618643283844,0.18468184769153595,1.0,1040,1078
265,1777141950.4022849,move_forward,0.20446622371673584,0.415762722492218,0.8853555917739868,0.1732698529958725,1.0,1050,1078
266,1777141950.9787624,move_forward,0.2048773467540741,0.38169917464256287,0.8912883400917053,0.1875944286584854,1.0,1036,1078
267,1777141951.2897038,move_forward,0.20653662085533142,0.3550802171230316,0.9001548886299133,0.17661736905574799,1.0,1051,1078
268,1777141951.5624561,move_forward,0.20447257161140442,0.38858896493911743,0.8877283930778503,0.17434385418891907,1.0,1033,1078
269,1777141951.819711,move_forward,0.20428124070167542,0.37552958726882935,0.9114264249801636,0.2008545696735382,1.0,1018,1078
270,1777141952.121632,move_forward,0.2051306664943695,0.38244813680648804,0.9091915488243103,0.17197714745998383,1.0,1028,1078
271,1777141952.3847628,move_forward,0.2052735686302185,0.3201915919780731,0.9012722373008728,0.16618916392326355,1.0,1035,1078
272,1777141952.7364938,move_forward,0.2058909386396408,0.3832288980484009,0.9132134914398193,0.1686113476753235,1.0,1051,1078
273,1777141953.9228277,move_forward,0.20461350679397583,0.37833186984062195,0.9120526313781738,0.16262686252593994,1.0,1032,1078
274,1777141954.8496103,move_forward,0.20629729330539703,0.39720696210861206,0.9194507598876953,0.17709198594093323,1.0,1033,1078
275,1777141955.1882317,move_forward,0.2057032287120819,0.3816043436527252,0.9121228456497192,0.16731761395931244,1.0,1027,1078
276,1777141955.4736457,move_left,0.20532797276973724,0.39349645376205444,0.9083794355392456,0.1463957279920578,1.0,1019,1078
277,1777141955.7929888,move_forward,0.2067822813987732,0.35630401968955994,0.8848125338554382,0.14544393122196198,1.0,1033,1078
278,1777141956.9776528,move_left,0.2061709612607956,0.4113496243953705,0.9033565521240234,0.15904182195663452,1.0,1029,1078
279,1777141957.2554517,move_left,0.2070435881614685,0.3473738431930542,0.8959909081459045,0.14624379575252533,1.0,1028,1078
280,1777141957.569768,move_left,0.20813043415546417,0.3326587975025177,0.893790066242218,0.15637263655662537,1.0,1026,1078
281,1777141957.8348262,move_left,0.20828403532505035,0.40152767300605774,0.9054522514343262,0.1680883914232254,1.0,1019,1078
282,1777141958.101785,move_left,0.21101927757263184,0.34150105714797974,0.8897137641906738,0.16486383974552155,1.0,1022,1078
283,1777141958.3659725,move_left,0.21153825521469116,0.3780159652233124,0.8938379883766174,0.14821264147758484,1.0,1025,1078
284,1777141958.679353,move_left,0.21190044283866882,0.4011975824832916,0.8929443359375,0.1483156383037567,1.0,1027,1078
285,1777141959.3754334,move_left,0.2133188098669052,0.36278894543647766,0.8892457485198975,0.1428685039281845,1.0,1026,1078
286,1777141959.9766977,move_left,0.21071156859397888,0.37160831689834595,0.891477644443512,0.13889455795288086,1.0,1020,1078
287,1777141960.225107,move_left,0.21338169276714325,0.33390012383461,0.8970090746879578,0.13630852103233337,1.0,1057,1078
288,1777141960.5677948,move_left,0.21497023105621338,0.3764984905719757,0.8911439776420593,0.1313868910074234,1.0,1027,1078
289,1777141960.8217604,move_left,0.21529343724250793,0.36938008666038513,0.8826271891593933,0.1455649435520172,1.0,1025,1078
290,1777141961.1118634,move_left,0.21451948583126068,0.3989318311214447,0.882072389125824,0.14317584037780762,1.0,1020,1078
291,1777141961.4004364,move_left,0.2153693586587906,0.351782888174057,0.8721315860748291,0.1412602663040161,1.0,1015,1078
292,1777141961.650099,move_left,0.21424348652362823,0.3606526851654053,0.8644061088562012,0.13064171373844147,1.0,1019,1078
293,1777141962.3530798,move_left,0.21604278683662415,0.3331562876701355,0.8663035035133362,0.13108094036579132,1.0,1019,1078
294,1777141963.0945196,move_left,0.21404686570167542,0.3207264840602875,0.8910582065582275,0.14623132348060608,1.0,1012,1078
295,1777141963.388518,move_left,0.21384477615356445,0.3538469672203064,0.8796077370643616,0.14094291627407074,1.0,1015,1078
296,1777141963.6635885,move_forward,0.24190518260002136,0.6543465256690979,0.3782530725002289,0.05848520249128342,1.0,517,1078
297,1777141964.9242942,move_forward,0.24778179824352264,0.7075966596603394,0.28284621238708496,0.07932392507791519,1.0,443,1078
298,1777141965.9912608,move_left,0.2367739975452423,0.8159933686256409,0.18089421093463898,0.08422185480594635,1.0,324,1078
299,1777141966.325755,move_left,0.2470591813325882,0.7780876159667969,0.1183270514011383,0.08924763649702072,1.0,8,1066
300,1777141966.646512,move_forward,0.24317403137683868,0.5935640931129456,0.09193442016839981,0.07894004881381989,1.0,8,1066
301,1777141966.9356227,move_forward,0.24095094203948975,0.4502074420452118,0.11831401288509369,0.14218728244304657,1.0,9,1066
302,1777141968.045574,move_forward,0.22606967389583588,0.2864961624145508,0.19143496453762054,0.19341571629047394,1.0,1909,1069
303,1777141968.3208435,move_left,0.24910452961921692,0.3718496859073639,0.5984416007995605,0.7165044546127319,1.0,1918,557
304,1777141968.60724,move_left,0.24671094119548798,0.25227537751197815,0.425162672996521,0.47883307933807373,1.0,1918,690
305,1777141968.8678303,move_left,0.24880141019821167,0.7388673424720764,0.6618669033050537,0.42803069949150085,1.0,8,1067
306,1777141969.5856833,move_left,0.2452101856470108,0.764897882938385,0.7155218124389648,0.4521958827972412,1.0,8,1067
307,1777141970.139514,move_left,0.24313582479953766,0.4851240813732147,0.5347344875335693,0.40755099058151245,1.0,1910,1068
308,1777141970.4522567,move_left,0.24471165239810944,0.3451661467552185,0.47096696496009827,0.48190706968307495,1.0,1910,1068
309,1777141970.7778354,move_left,0.24379053711891174,0.5279741287231445,0.5578368902206421,0.46683552861213684,1.0,8,1067
310,1777141971.0397022,move_left,0.24171987175941467,0.5992392897605896,0.5416940450668335,0.3390904664993286,1.0,8,1067
311,1777141971.342543,move_left,0.24443469941616058,0.6990653872489929,0.5873923897743225,0.32592225074768066,1.0,8,1067
312,1777141971.6785302,move_left,0.24185243248939514,0.7841534614562988,0.7140640616416931,0.47191566228866577,1.0,9,1067
313,1777141972.0981116,move_left,0.24789959192276,0.7824649810791016,0.7632368803024292,0.5198541283607483,1.0,8,1067
314,1777141973.1496997,move_left,0.2491835653781891,0.7508955001831055,0.6874767541885376,0.5181707739830017,1.0,8,1067
315,1777141973.9341533,move_left,0.2394130825996399,0.8509507775306702,0.9036330580711365,0.5929526686668396,1.0,801,1078
316,1777141974.7137153,move_left,0.24168455600738525,0.8047661185264587,0.8896186947822571,0.5983773469924927,1.0,794,1078
317,1777141974.9740815,move_left,0.23759588599205017,0.8423777222633362,0.8566973805427551,0.5733621120452881,1.0,8,1067
318,1777141975.979827,move_left,0.2402859330177307,0.8127459287643433,0.89530348777771,0.5958312153816223,1.0,817,1078
319,1777141976.4350946,move_left,0.2440262734889984,0.8163489699363708,0.8887101411819458,0.5779889225959778,1.0,754,1078
320,1777141976.751207,move_left,0.2387378215789795,0.8542860746383667,0.8927631974220276,0.5919711589813232,1.0,756,1078
321,1777141977.0311077,move_left,0.24096567928791046,0.8201079964637756,0.9114280939102173,0.6017811894416809,1.0,818,1078
322,1777141977.9854786,move_left,0.2428452968597412,0.8285965323448181,0.9047194719314575,0.5994571447372437,1.0,800,1078
323,1777141978.5770557,move_left,0.23791368305683136,0.8543105721473694,0.8609936237335205,0.5467839241027832,1.0,8,1067
324,1777141978.885806,move_left,0.24062618613243103,0.8123133182525635,0.9060213565826416,0.6278791427612305,1.0,884,1078
325,1777141979.173525,move_left,0.23422883450984955,0.841234028339386,0.8543828129768372,0.5505265593528748,1.0,8,1067
326,1777141979.4448497,move_left,0.23833680152893066,0.7910093665122986,0.9047061800956726,0.573340654373169,1.0,856,1078
327,1777141979.743583,move_left,0.23658762872219086,0.8337548971176147,0.8741104006767273,0.5405855774879456,1.0,727,1078
328,1777141980.0344903,move_left,0.2337426096200943,0.8464989066123962,0.8861758708953857,0.5671426653862,1.0,748,1078
329,1777141981.0776772,move_left,0.23962651193141937,0.7562472224235535,0.8994276523590088,0.5779634714126587,1.0,875,1078
330,1777141981.7288034,move_left,0.23424911499023438,0.8195267915725708,0.8845793008804321,0.5588755011558533,1.0,742,1078
331,1777141982.0833976,move_left,0.23382598161697388,0.8631007075309753,0.8639200925827026,0.5260977745056152,1.0,8,1066
332,1777141982.457576,move_left,0.23827125132083893,0.791455864906311,0.8995286822319031,0.634213387966156,1.0,903,1078
333,1777141982.7693067,move_left,0.23619675636291504,0.8119149208068848,0.8829992413520813,0.5430873036384583,1.0,729,1078
334,1777141983.13396,move_left,0.23456399142742157,0.8247196078300476,0.9042627215385437,0.577283501625061,1.0,809,1078
335,1777141984.3289843,move_left,0.23938919603824615,0.7851523756980896,0.8969706296920776,0.5896251201629639,1.0,856,1078
336,1777141984.6298194,move_left,0.23772326111793518,0.8398512005805969,0.8734571933746338,0.5462465286254883,1.0,712,1078
337,1777141984.8809454,move_left,0.235194131731987,0.840892493724823,0.8973449468612671,0.594094455242157,1.0,815,1078
338,1777141985.168291,move_left,0.2393176406621933,0.7756897807121277,0.9198119640350342,0.5903266668319702,1.0,871,1078
339,1777141985.4611075,move_left,0.23737052083015442,0.8284963369369507,0.8899648785591125,0.5405447483062744,1.0,749,1078
340,1777141985.731862,move_left,0.23466216027736664,0.8570610880851746,0.9014017581939697,0.5779620409011841,1.0,786,1078
341,1777141986.0376165,move_left,0.2403765767812729,0.7815305590629578,0.88871830701828,0.5998377203941345,1.0,862,1078
342,1777141986.7996073,move_left,0.23779398202896118,0.8339154124259949,0.8827685713768005,0.565473198890686,1.0,736,1078
343,1777141987.3683894,move_left,0.25228387117385864,0.2739953100681305,0.5222011804580688,0.5973124504089355,1.0,1918,613
344,1777141987.6823728,move_left,0.2487548589706421,0.2561894357204437,0.5139062404632568,0.5778070688247681,1.0,1918,650
345,1777141987.9517248,move_left,0.2462063878774643,0.3518500328063965,0.578269362449646,0.6020048260688782,1.0,1918,575
346,1777141988.7775369,move_left,0.2527506947517395,0.29368147253990173,0.5728256702423096,0.6353856921195984,1.0,1918,548
347,1777141989.369734,move_left,0.25099942088127136,0.30224254727363586,0.5696175694465637,0.6336057186126709,1.0,1918,641
348,1777141989.6506088,move_left,0.2451232522726059,0.29059717059135437,0.4164610207080841,0.4903886020183563,1.0,1918,642
349,1777141989.9438288,move_left,0.25332528352737427,0.44780370593070984,0.6411870121955872,0.5628772377967834,1.0,1918,641
350,1777141990.2307465,move_left,0.2511753737926483,0.26724469661712646,0.5067723989486694,0.5958019495010376,1.0,1918,651
351,1777141990.5291712,move_left,0.24645474553108215,0.2936602830886841,0.4768429100513458,0.49939578771591187,1.0,1918,632
352,1777141990.819525,move_left,0.2572532594203949,0.5283681750297546,0.8336044549942017,0.8820982575416565,1.0,1909,1067
353,1777141991.1968343,move_left,0.25161921977996826,0.4766994118690491,0.7575918436050415,0.8552473783493042,1.0,1910,1067
354,1777141992.3285356,move_left,0.254250168800354,0.5483170747756958,0.8320486545562744,0.8486030101776123,1.0,1064,1078
355,1777141992.6919522,move_left,0.2553793787956238,0.5288479328155518,0.8623651266098022,0.8941519856452942,1.0,1125,1078
356,1777141992.9719248,move_left,0.25164318084716797,0.5321522951126099,0.7890579700469971,0.8686187267303467,1.0,1909,1067
357,1777141993.2689428,move_left,0.2547066807746887,0.5079991221427917,0.8359600901603699,0.8587267398834229,1.0,1071,1078
358,1777141993.557476,move_left,0.2566276490688324,0.5636215806007385,0.8304874897003174,0.8471653461456299,1.0,1909,1067
359,1777141993.8395584,move_left,0.25144466757774353,0.5140392184257507,0.7872734069824219,0.8322097063064575,1.0,1909,1068
360,1777141994.1930375,move_left,0.25546136498451233,0.5281492471694946,0.8467177748680115,0.8090922236442566,1.0,1044,1078
361,1777141995.292431,move_left,0.2422294169664383,0.3605619966983795,0.9030234217643738,0.8430067300796509,1.0,1184,1078
362,1777141995.6147714,move_left,0.24340423941612244,0.4263690412044525,0.895962119102478,0.7797403335571289,1.0,674,1078
363,1777141995.8791015,move_left,0.24264106154441833,0.37024986743927,0.918126106262207,0.8285365700721741,1.0,1163,1078
364,1777141996.1762052,move_left,0.24138984084129333,0.41845425963401794,0.891243040561676,0.8529484868049622,1.0,914,1078
365,1777141996.461895,move_left,0.24347245693206787,0.42841097712516785,0.9056104421615601,0.7877980470657349,1.0,825,1078
366,1777141996.7250721,move_left,0.24107171595096588,0.3994506001472473,0.9113768935203552,0.8151296973228455,1.0,1121,1078
367,1777141997.0292597,move_left,0.24109892547130585,0.42658719420433044,0.8861117959022522,0.8044614791870117,1.0,795,1078
368,1777141997.8696578,move_left,0.24218818545341492,0.4193929135799408,0.8512783050537109,0.7200068831443787,1.0,791,1078
369,1777141999.0073087,move_left,0.2425011396408081,0.4072592258453369,0.903347373008728,0.8007997870445251,1.0,1146,1078
370,1777141999.520726,move_left,0.24001871049404144,0.42108553647994995,0.8835601210594177,0.8093348145484924,1.0,794,1078
371,1777141999.8315573,move_left,0.2403029501438141,0.42375853657722473,0.8818797469139099,0.7765881419181824,1.0,921,1078
372,1777142000.0999005,move_left,0.2415332943201065,0.4331608712673187,0.8770460486412048,0.7664533257484436,1.0,690,1078
373,1777142000.391016,move_left,0.24329690635204315,0.38551655411720276,0.9289760589599609,0.8058706521987915,1.0,1117,1078
374,1777142000.6456316,move_left,0.23957742750644684,0.4132763147354126,0.8928591012954712,0.820041835308075,1.0,1145,1078
375,1777142000.9235804,move_left,0.24152851104736328,0.4143463671207428,0.8941671252250671,0.792877733707428,1.0,803,1078
376,1777142001.1798832,move_left,0.23953057825565338,0.40833160281181335,0.8937520384788513,0.8085437417030334,1.0,917,1078
377,1777142001.8943784,move_left,0.23860463500022888,0.4337597191333771,0.8853470087051392,0.79546058177948,1.0,1161,1078
378,1777142002.5098703,move_left,0.2413414865732193,0.4087924063205719,0.9055532217025757,0.8318898677825928,1.0,920,1078
379,1777142002.8026192,move_left,0.24171480536460876,0.39938363432884216,0.9001149535179138,0.7959173321723938,1.0,915,1078
380,1777142003.075299,move_left,0.23898878693580627,0.3185391426086426,0.880340576171875,0.8376972675323486,1.0,1284,1078
381,1777142003.364873,move_left,0.24091266095638275,0.3761007487773895,0.8707647323608398,0.8771244287490845,1.0,1269,1078
382,1777142003.670724,move_left,0.23964498937129974,0.3924907445907593,0.887174129486084,0.7861312031745911,1.0,809,1078
383,1777142003.9789166,move_left,0.2399301528930664,0.3282307982444763,0.8717937469482422,0.8457375764846802,1.0,1306,1078
384,1777142004.495484,move_left,0.24037401378154755,0.396645724773407,0.888574481010437,0.8322831988334656,1.0,1251,1078
385,1777142005.4391384,move_left,0.2394174486398697,0.3905363082885742,0.9006256461143494,0.8760842680931091,1.0,945,1078
386,1777142005.7555423,move_left,0.23868443071842194,0.32547324895858765,0.8814790844917297,0.867408275604248,1.0,1252,1078
387,1777142006.0228884,move_left,0.239573672413826,0.362610399723053,0.8551368117332458,0.870046854019165,1.0,1326,1078
388,1777142006.3212247,move_left,0.23992837965488434,0.379409521818161,0.9145880341529846,0.846757709980011,1.0,1149,1078
389,1777142006.5878658,move_left,0.23723812401294708,0.33067840337753296,0.884662389755249,0.8468784689903259,1.0,1267,1078
390,1777142006.8747442,move_left,0.23822079598903656,0.3685372471809387,0.8777341842651367,0.8602722883224487,1.0,1319,1078
391,1777142007.1316082,move_left,0.23985475301742554,0.3505946099758148,0.8913485407829285,0.8524424433708191,1.0,1221,1078
392,1777142007.3945074,move_left,0.23884406685829163,0.39376193284988403,0.8481084704399109,0.8431746959686279,1.0,1319,1078
393,1777142007.689514,move_left,0.23959437012672424,0.3932570815086365,0.9291277527809143,0.8013914227485657,1.0,1111,1078
394,1777142007.98839,move_left,0.23990847170352936,0.34613803029060364,0.8725221157073975,0.8454501628875732,1.0,1244,1078
395,1777142008.2471864,move_left,0.23839358985424042,0.40786638855934143,0.8967913389205933,0.8758818507194519,1.0,1288,1078
396,1777142009.13036,move_left,0.2397128939628601,0.385449081659317,0.9045101404190063,0.8221135139465332,1.0,1239,1078
397,1777142009.613769,move_left,0.23743726313114166,0.38036784529685974,0.871771514415741,0.8399590253829956,1.0,1237,1078
398,1777142009.8959994,move_left,0.2390352338552475,0.38515231013298035,0.8644365072250366,0.8462296724319458,1.0,1251,1078
399,1777142010.1890247,move_left,0.2392389327287674,0.4040463864803314,0.9148900508880615,0.8003971576690674,1.0,931,1078
400,1777142010.503848,move_left,0.23803584277629852,0.38025814294815063,0.8843302726745605,0.8534314036369324,1.0,1205,1078
401,1777142010.7551856,move_left,0.2386242151260376,0.3754807710647583,0.8688587546348572,0.8761717677116394,1.0,1239,1078
402,1777142011.0157573,move_left,0.2409166544675827,0.3857564926147461,0.9290911555290222,0.850086510181427,1.0,937,1078
403,1777142011.4748013,move_left,0.2387116402387619,0.3538690507411957,0.878319501876831,0.8676233291625977,1.0,1274,1078
404,1777142012.5949655,move_left,0.23988816142082214,0.39208123087882996,0.8728788495063782,0.8167956471443176,1.0,1275,1078
405,1777142012.9269598,move_left,0.24014310538768768,0.3699777126312256,0.9073123335838318,0.8838985562324524,1.0,1281,1078
406,1777142013.2700117,move_left,0.23938468098640442,0.34165334701538086,0.8762167692184448,0.8473149538040161,1.0,1280,1078
407,1777142013.8916197,move_left,0.23985107243061066,0.3503313660621643,0.8627729415893555,0.862190306186676,1.0,1365,1078
408,1777142014.8348296,move_left,0.23992228507995605,0.3706079423427582,0.8967511057853699,0.8266978859901428,1.0,1415,1
409,1777142015.7117045,move_left,0.2376766949892044,0.35870039463043213,0.8936894536018372,0.84515780210495,1.0,1250,1078
410,1777142015.978923,move_left,0.2387225478887558,0.37903693318367004,0.8862485885620117,0.8358618021011353,1.0,1314,1078
411,1777142016.2646215,move_left,0.24034450948238373,0.3861387073993683,0.9019386172294617,0.8097643256187439,1.0,1244,1078
412,1777142016.991452,move_left,0.22506172955036163,0.9046428203582764,0.7791907787322998,0.1036725640296936,1.0,455,1
413,1777142017.6729147,move_left,0.22247128188610077,0.9035021066665649,0.75860196352005,0.10233165323734283,1.0,8,1066
414,1777142017.9797356,move_left,0.22532010078430176,0.8929473757743835,0.7749015688896179,0.07615482062101364,1.0,510,1
415,1777142018.2570615,move_left,0.22526301443576813,0.9111926555633545,0.7841122150421143,0.11306997388601303,1.0,1,11
416,1777142018.8737848,move_left,0.2228754609823227,0.880104660987854,0.7148625254631042,0.10213256627321243,1.0,8,1066
417,1777142020.032219,move_left,0.224408820271492,0.8948470950126648,0.798477828502655,0.0822419822216034,1.0,510,1
418,1777142020.6363316,move_left,0.2258370965719223,0.8904732465744019,0.7580890655517578,0.10002364218235016,1.0,1,11
419,1777142020.9298558,move_forward,0.21630559861660004,0.9181291460990906,0.7267038822174072,0.08164336532354355,1.0,496,1
420,1777142021.2104902,move_forward,0.21553218364715576,0.926837146282196,0.7304638624191284,0.07846925407648087,1.0,487,1
421,1777142021.4640815,move_left,0.21640551090240479,0.949457585811615,0.6982027292251587,0.07060326635837555,1.0,1,9
422,1777142022.7630963,move_forward,0.21549277007579803,0.94019615650177,0.7295301556587219,0.07917718589305878,1.0,454,1
423,1777142023.4167852,move_left,0.21832133829593658,0.9301480650901794,0.728776216506958,0.060800615698099136,1.0,486,1
424,1777142024.458546,move_left,0.216432124376297,0.9428901672363281,0.7087383270263672,0.05985147878527641,1.0,351,1
425,1777142025.2400877,move_forward,0.21668553352355957,0.9454724192619324,0.7064526081085205,0.07773412764072418,1.0,442,1
426,1777142025.5341048,move_forward,0.21692083775997162,0.9374460577964783,0.6840758919715881,0.056080255657434464,1.0,554,1
427,1777142026.2522712,move_left,0.21780678629875183,0.9553067684173584,0.7136311531066895,0.06491056829690933,1.0,441,1078
428,1777142026.985115,move_forward,0.216301828622818,0.9463682174682617,0.6942239999771118,0.07484092563390732,1.0,513,1
429,1777142027.3403282,move_forward,0.2178919017314911,0.9501222968101501,0.6950855851173401,0.053832247853279114,1.0,546,1
430,1777142027.6162548,move_left,0.21820853650569916,0.9546400308609009,0.6952963471412659,0.05324758216738701,1.0,549,1
431,1777142027.881823,move_forward,0.2177530825138092,0.9452154040336609,0.689815104007721,0.0820450708270073,1.0,539,1
432,1777142028.1621366,move_forward,0.21745289862155914,0.932547390460968,0.6875172853469849,0.05553300306200981,1.0,557,1
433,1777142028.4468758,move_left,0.2207818478345871,0.9453755021095276,0.7004218697547913,0.05750136077404022,1.0,579,1
434,1777142029.3117197,move_forward,0.2181372195482254,0.9565236568450928,0.6909070611000061,0.053782470524311066,1.0,544,1
435,1777142029.9010437,move_left,0.22344042360782623,0.9430073499679565,0.7013450264930725,0.057794056832790375,1.0,523,1078
436,1777142030.1631289,move_left,0.22283302247524261,0.9286318421363831,0.6997271180152893,0.05503926798701286,1.0,562,1
437,1777142030.4387891,move_left,0.21996936202049255,0.937057614326477,0.6950538754463196,0.06166575103998184,1.0,568,1
438,1777142030.6947339,move_left,0.22235044836997986,0.9385676980018616,0.7022993564605713,0.059891365468502045,1.0,630,1078
439,1777142030.986286,move_left,0.22253572940826416,0.9168511629104614,0.7068018317222595,0.055812716484069824,1.0,726,1
440,1777142031.2776628,move_forward,0.22012104094028473,0.9245660305023193,0.6873419880867004,0.05668538063764572,1.0,574,1
441,1777142031.7500343,move_left,0.22142240405082703,0.9370752573013306,0.6938774585723877,0.06479015946388245,1.0,542,1
442,1777142032.6257472,move_left,0.2242582142353058,0.9405608177185059,0.7099835872650146,0.06983371078968048,1.0,570,1
443,1777142033.65786,move_left,0.22496020793914795,0.9403414130210876,0.6896969676017761,0.05900256335735321,1.0,570,1
444,1777142034.2733827,move_left,0.2228574901819229,0.946568489074707,0.6978582739830017,0.0702800303697586,1.0,539,1
445,1777142034.6545026,move_left,0.22517748177051544,0.9451686143875122,0.7069550156593323,0.06916891038417816,1.0,571,1
446,1777142035.6338422,move_left,0.2270841896533966,0.9355815052986145,0.6850605010986328,0.053532276302576065,1.0,578,1
447,1777142036.2543793,move_left,0.2219674438238144,0.9472922682762146,0.672644317150116,0.05000544339418411,1.0,474,1
448,1777142036.554744,move_left,0.22530578076839447,0.9646355509757996,0.6947804093360901,0.06475943326950073,1.0,19,1
449,1777142037.2638001,move_left,0.22445262968540192,0.941289484500885,0.6946398019790649,0.06749927997589111,1.0,565,1
450,1777142038.2944233,move_left,0.22110696136951447,0.9342933893203735,0.6990644335746765,0.07083812355995178,1.0,565,1
451,1777142039.1008677,move_left,0.22513404488563538,0.9548647403717041,0.6819177865982056,0.05478634685277939,1.0,406,1
452,1777142039.4432688,move_left,0.22422167658805847,0.9523358345031738,0.6932968497276306,0.058068614453077316,1.0,547,1
453,1777142039.8173878,move_forward,0.22626279294490814,0.9287117719650269,0.7034245729446411,0.06030441075563431,1.0,678,1
454,1777142040.7409716,move_left,0.22795847058296204,0.9456570744514465,0.6842024922370911,0.054532211273908615,1.0,569,1
455,1777142041.3957987,move_left,0.22811098396778107,0.9472916126251221,0.6937236189842224,0.05956118553876877,1.0,568,1
456,1777142041.6805623,move_left,0.22649988532066345,0.9212634563446045,0.6932443380355835,0.05833830311894417,1.0,592,1
457,1777142041.9778476,move_left,0.2291688174009323,0.9367467761039734,0.6708132028579712,0.05136756971478462,1.0,548,1
458,1777142042.2611938,move_left,0.22611086070537567,0.9409267902374268,0.6973087787628174,0.062180571258068085,1.0,572,1
459,1777142042.5500886,move_left,0.2265511006116867,0.9434701800346375,0.6955884695053101,0.05879005044698715,1.0,574,1
460,1777142042.9034045,move_left,0.22838224470615387,0.9509787559509277,0.7028223872184753,0.06499692797660828,1.0,592,1078
461,1777142043.7662106,move_left,0.2256738692522049,0.9454406499862671,0.6830101609230042,0.06020345911383629,1.0,563,1
462,1777142044.269462,move_left,0.22996015846729279,0.9428367018699646,0.6805579662322998,0.04967942461371422,1.0,577,1
463,1777142044.556866,move_left,0.23050783574581146,0.9297038912773132,0.673916220664978,0.05064515024423599,1.0,563,1
464,1777142044.9436834,move_forward,0.2262209802865982,0.9626767039299011,0.6724876165390015,0.05464014783501625,1.0,516,1
465,1777142045.5105944,move_left,0.22799910604953766,0.9452859163284302,0.6977849006652832,0.05602021887898445,1.0,576,1
466,1777142046.1552436,move_left,0.22791787981987,0.934593141078949,0.6912184953689575,0.054747600108385086,1.0,641,1
467,1777142046.5233767,move_left,0.21685215830802917,0.9372389912605286,0.6782605051994324,0.09222236275672913,1.0,405,1
468,1777142046.829692,move_left,0.21517232060432434,0.9440824389457703,0.6817542910575867,0.08971777558326721,1.0,444,1
469,1777142047.4356503,move_left,0.21631461381912231,0.9537999033927917,0.6687690019607544,0.0658290758728981,1.0,422,1
470,1777142048.0532234,move_left,0.21721214056015015,0.9505940675735474,0.7007030248641968,0.08017295598983765,1.0,456,1
471,1777142048.3631332,move_left,0.21528933942317963,0.9516295790672302,0.6797792911529541,0.07969511300325394,1.0,9,1066
472,1777142048.742341,move_forward,0.21764706075191498,0.9563742280006409,0.692430853843689,0.0644650012254715,1.0,441,1
473,1777142049.9747095,move_left,0.2187165915966034,0.9301884174346924,0.676286518573761,0.0839853510260582,1.0,446,1
474,1777142050.257433,move_left,0.21468597650527954,0.9484642744064331,0.6812118291854858,0.07283689081668854,1.0,442,1
475,1777142050.5501668,move_left,0.22140495479106903,0.9399272799491882,0.677069365978241,0.08736319839954376,1.0,404,1
476,1777142050.8469594,move_left,0.2211596816778183,0.9479747414588928,0.6949816346168518,0.07676703482866287,1.0,447,1
477,1777142051.6909745,move_left,0.22155466675758362,0.9536473751068115,0.6953212022781372,0.07468172162771225,1.0,426,1
478,1777142052.100733,move_left,0.22025594115257263,0.9467728137969971,0.6869301795959473,0.08706021308898926,1.0,411,1
479,1777142052.3702533,move_left,0.22253867983818054,0.9266015291213989,0.6901448369026184,0.07112974673509598,1.0,564,1
480,1777142052.6531448,move_left,0.22177726030349731,0.9318334460258484,0.6614987850189209,0.07156224548816681,1.0,334,1
481,1777142052.9641726,move_left,0.22028414905071259,0.9438831806182861,0.7023630738258362,0.08587300032377243,1.0,447,1
482,1777142053.2490695,move_left,0.2220553755760193,0.9393007755279541,0.6882717609405518,0.06829221546649933,1.0,418,1
483,1777142053.6009195,move_left,0.221821129322052,0.9361860156059265,0.6718036532402039,0.08046986162662506,1.0,444,1
484,1777142053.989557,move_left,0.2238997370004654,0.9382872581481934,0.7033756971359253,0.08290926367044449,1.0,565,1
485,1777142054.8615289,move_left,0.22306615114212036,0.9524458050727844,0.6863585710525513,0.06441120058298111,1.0,418,1
486,1777142055.4115098,move_left,0.22114986181259155,0.9413058161735535,0.6814106702804565,0.07669787108898163,1.0,421,1
487,1777142055.6682613,move_left,0.22253844141960144,0.9408444166183472,0.6952259540557861,0.07536586374044418,1.0,524,1
488,1777142055.9340909,move_left,0.2229986935853958,0.9375122785568237,0.6761892437934875,0.07155293971300125,1.0,350,1
489,1777142056.2022324,move_left,0.22374199330806732,0.9241750836372375,0.6797544360160828,0.06420563161373138,1.0,521,1
490,1777142056.4509227,move_left,0.22773180902004242,0.9500448107719421,0.7042562365531921,0.08110608905553818,1.0,541,1
491,1777142056.7353892,move_left,0.22399106621742249,0.9384307861328125,0.6954036951065063,0.07222536951303482,1.0,514,1
492,1777142057.0124598,move_left,0.2224017083644867,0.9355313181877136,0.6827101111412048,0.06808559596538544,1.0,515,1
493,1777142057.288661,move_left,0.2246616929769516,0.9320104718208313,0.7045202255249023,0.08392617106437683,1.0,564,1
494,1777142057.5389497,move_left,0.22562195360660553,0.924546480178833,0.6747707724571228,0.06525945663452148,1.0,516,1
495,1777142057.7977092,move_left,0.2278030812740326,0.9403208494186401,0.6795837879180908,0.06809759885072708,1.0,18,1
496,1777142059.0757434,move_left,0.22408108413219452,0.9283560514450073,0.6931834816932678,0.0693974569439888,1.0,523,1
497,1777142059.701687,move_left,0.2242298275232315,0.9365360140800476,0.6778660416603088,0.06958454847335815,1.0,516,1
498,1777142060.022658,move_left,0.22585152089595795,0.9407112002372742,0.7028423547744751,0.08712103962898254,1.0,562,1
499,1777142060.2916226,move_left,0.224150151014328,0.9366250038146973,0.7084557414054871,0.07643324136734009,1.0,570,1
500,1777142060.5528803,move_left,0.22202961146831512,0.9333919286727905,0.6970054507255554,0.06900227814912796,1.0,570,1
501,1777142060.8064048,move_left,0.22564247250556946,0.9475662708282471,0.684007465839386,0.07750025391578674,1.0,444,1
502,1777142061.6318307,move_left,0.22220027446746826,0.9434705376625061,0.7012864947319031,0.07630514353513718,1.0,513,1
503,1777142062.1760385,move_left,0.22316701710224152,0.9191589951515198,0.6951668858528137,0.07687774300575256,1.0,577,1
504,1777142062.4599667,move_left,0.22668032348155975,0.93730628490448,0.7033209204673767,0.07757256925106049,1.0,513,1
505,1777142062.727277,move_left,0.22352716326713562,0.9341139197349548,0.7002369165420532,0.08060100674629211,1.0,517,1
506,1777142062.9968007,move_left,0.2225770354270935,0.9124370813369751,0.678616464138031,0.060671884566545486,1.0,569,1
507,1777142063.2835279,move_left,0.2250203937292099,0.9357426762580872,0.6753645539283752,0.07174292206764221,1.0,517,1
508,1777142063.5856125,move_left,0.22307319939136505,0.9258524179458618,0.6635140776634216,0.07136351615190506,1.0,414,1
509,1777142063.9052958,move_left,0.22332657873630524,0.9316658973693848,0.6835277676582336,0.07019367069005966,1.0,443,1
510,1777142065.0583708,move_left,0.22714006900787354,0.937393844127655,0.6837544441223145,0.06584176421165466,1.0,443,1
